Month,Avg_Sales
1.0,33174.178494010266
2.0,34333.3265789792
3.0,33220.885088547955
4.0,33392.37451095761
5.0,33339.88842794267
6.0,34582.47297792586
7.0,33922.762791494126
8.0,33644.79382495115
9.0,33258.05484066713
10.0,32736.98917091295
11.0,36594.03229537082
12.0,39238.79727417151
